{
  "exclusion_flow": {
    "total_delivery_rows": 58848,
    "ent_delivery_rows": 18704,
    "total_rw_list": 268,
    "single_staff_facilities": 105,
    "multi_staff_facilities": 95,
    "after_step1_doctors": 78,
    "excluded_step1_doctors": 170,
    "after_step2_doctors": 78,
    "multi_fac_doctors": 0,
    "ent_rw_doctors": 67,
    "non_rw_excluded": 11,
    "total_viewing_rows": 12559,
    "viewing_after_filter": 1904,
    "total_doctors": 67,
    "total_facilities": 67,
    "clean_pairs": 67,
    "washout_excluded": 2,
    "late_excluded": 2,
    "final_treated": 37,
    "final_control": 26,
    "final_total": 63,
    "filter_single_fac_doctor": true,
    "include_non_rw": false
  },
  "excluded_ids": {
    "washout": [
      "D0051",
      "D0090"
    ],
    "multi_fac": [
      "D0023",
      "D0028",
      "D0038",
      "D0052",
      "D0058",
      "D0084",
      "D0135",
      "D0139",
      "D0144",
      "D0160",
      "D0177",
      "D0185",
      "D0205",
      "D0207",
      "D0242",
      "D0272",
      "D0287",
      "D0292",
      "D0300",
      "D0304"
    ],
    "late": [
      "D0049",
      "D0092"
    ]
  },
  "twfe": {
    "att": 30.253313571883158,
    "se": 4.354607301006869,
    "p": 3.720101208584279e-12,
    "ci_lo": 21.718440095094525,
    "ci_hi": 38.78818704867179,
    "sig": "***"
  },
  "twfe_robust": {
    "att": 29.951186137058528,
    "se": 4.2746132478670615,
    "p": 2.4390132310473175e-12,
    "ci_lo": 21.5730981234013,
    "ci_hi": 38.329274150715754,
    "sig": "***",
    "mr_activity_coef": 1.3943207686897203,
    "mr_activity_se": 0.5244206367052722,
    "mr_activity_p": 0.007842341406944604,
    "mr_activity_sig": "**",
    "att_change_pct": 0.9986589869131608,
    "covariates": [
      "mr_activity_count"
    ]
  },
  "cs_overall": {
    "att": 32.75896554762534,
    "se": 5.7268602583068215,
    "p": 1.0637910996535993e-08,
    "ci_lo": 21.534319441343968,
    "ci_hi": 43.983611653906706,
    "sig": "***",
    "dynamic": [
      {
        "event_time": -6,
        "att": -3.6025641025641004,
        "se": 4.598295414002984,
        "ci_lo": -12.615223114009948,
        "ci_hi": 5.410094908881748
      },
      {
        "event_time": -5,
        "att": -2.789835164835164,
        "se": 5.287483187379314,
        "ci_lo": -13.15330221209862,
        "ci_hi": 7.573631882428291
      },
      {
        "event_time": -4,
        "att": -6.1766826923076925,
        "se": 3.923667977759328,
        "ci_lo": -13.867071928715976,
        "ci_hi": 1.5137065441005904
      },
      {
        "event_time": -3,
        "att": -5.3087912087912095,
        "se": 4.116797431667486,
        "ci_lo": -13.37771417485948,
        "ci_hi": 2.760131757277062
      },
      {
        "event_time": -2,
        "att": 3.312889812889814,
        "se": 4.360596662512388,
        "ci_lo": -5.233879645634467,
        "ci_hi": 11.859659271414095
      },
      {
        "event_time": -1,
        "att": 0.0,
        "se": 0.0,
        "ci_lo": 0.0,
        "ci_hi": 0.0
      },
      {
        "event_time": 0,
        "att": 16.185031185031185,
        "se": 4.661526873361463,
        "ci_lo": 7.048438513242717,
        "ci_hi": 25.321623856819656
      },
      {
        "event_time": 1,
        "att": 21.905405405405403,
        "se": 4.555845485969574,
        "ci_lo": 12.97594825290504,
        "ci_hi": 30.834862557905765
      },
      {
        "event_time": 2,
        "att": 20.524948024948017,
        "se": 4.908902875797815,
        "ci_lo": 10.9034983883843,
        "ci_hi": 30.146397661511735
      },
      {
        "event_time": 3,
        "att": 18.920997920997923,
        "se": 5.921911163145209,
        "ci_lo": 7.314052041233314,
        "ci_hi": 30.527943800762532
      },
      {
        "event_time": 4,
        "att": 22.886694386694383,
        "se": 4.67324830036719,
        "ci_lo": 13.72712771797469,
        "ci_hi": 32.04626105541408
      },
      {
        "event_time": 5,
        "att": 26.47713097713098,
        "se": 5.128968123867692,
        "ci_lo": 16.424353454350303,
        "ci_hi": 36.529908499911656
      },
      {
        "event_time": 6,
        "att": 29.188149688149686,
        "se": 6.174666001733961,
        "ci_lo": 17.085804324751123,
        "ci_hi": 41.29049505154825
      },
      {
        "event_time": 7,
        "att": 29.8004158004158,
        "se": 5.380359026773957,
        "ci_lo": 19.254912107938843,
        "ci_hi": 40.345919492892754
      },
      {
        "event_time": 8,
        "att": 33.67567567567568,
        "se": 5.559072323094782,
        "ci_lo": 22.779893922409904,
        "ci_hi": 44.57145742894145
      },
      {
        "event_time": 9,
        "att": 34.57588357588358,
        "se": 5.778910525523261,
        "ci_lo": 23.24921894585799,
        "ci_hi": 45.90254820590917
      },
      {
        "event_time": 10,
        "att": 35.991683991684,
        "se": 7.0159219077628086,
        "ci_lo": 22.240477052468897,
        "ci_hi": 49.7428909308991
      },
      {
        "event_time": 11,
        "att": 36.81288981288981,
        "se": 6.698906388554465,
        "ci_lo": 23.683033291323056,
        "ci_hi": 49.94274633445656
      },
      {
        "event_time": 12,
        "att": 39.473290598290596,
        "se": 6.752541760633649,
        "ci_lo": 26.23830874744864,
        "ci_hi": 52.70827244913255
      },
      {
        "event_time": 13,
        "att": 41.37927350427351,
        "se": 7.71648663524268,
        "ci_lo": 26.25495969919786,
        "ci_hi": 56.503587309349165
      },
      {
        "event_time": 14,
        "att": 42.15723981900453,
        "se": 8.507430064594601,
        "ci_lo": 25.482676892399112,
        "ci_hi": 58.83180274560995
      },
      {
        "event_time": 15,
        "att": 40.217194570135746,
        "se": 7.691018055864878,
        "ci_lo": 25.142799180640587,
        "ci_hi": 55.291589959630905
      },
      {
        "event_time": 16,
        "att": 32.61414392059554,
        "se": 7.555413167693406,
        "ci_lo": 17.80553411191646,
        "ci_hi": 47.42275372927462
      },
      {
        "event_time": 17,
        "att": 43.445409429280396,
        "se": 8.996248618159486,
        "ci_lo": 25.812762137687805,
        "ci_hi": 61.078056720872986
      },
      {
        "event_time": 18,
        "att": 39.624069478908204,
        "se": 8.404565575372041,
        "ci_lo": 23.151120951179003,
        "ci_hi": 56.097018006637406
      }
    ]
  },
  "cs_channel": {},
  "cohort_distribution": {
    "2023-06": 2,
    "2023-07": 3,
    "2023-08": 4,
    "2023-09": 4,
    "2023-10": 2,
    "2023-11": 3,
    "2023-12": 1,
    "2024-03": 3,
    "2024-04": 4,
    "2024-05": 3,
    "2024-06": 2,
    "2024-09": 3,
    "2024-11": 2,
    "2025-01": 1
  },
  "descriptive_stats": {
    "control": {
      "count": 858,
      "mean": 124.24242424242425,
      "std": 29.936408209290082
    },
    "treated": {
      "count": 1221,
      "mean": 142.7821457821458,
      "std": 46.567033040677174
    }
  },
  "n_treated": 37,
  "n_control": 26,
  "n_total": 63
}