{
  "mr_viewing_correlation": -0.014441610818399899,
  "stage1_mr_to_viewing": {
    "coefficient": -0.008737705600133535,
    "se": 0.018110977713493626,
    "p": 0.6295370332312928,
    "sig": "n.s."
  },
  "stage2_viewing_to_sales": {
    "coefficient": 6.00439560440001,
    "se": 64.1875687599684,
    "p": 0.9254804292319401,
    "sig": "n.s."
  },
  "mediation_effects": {
    "direct_effect": 0.016732339820653433,
    "indirect_effect": -0.05246464109798315,
    "total_effect": -0.035732301277329716,
    "indirect_percentage": 146.82693031940047
  },
  "interpretation": {
    "warning": "MR活動自体も内生的（売上が良い施設にMRが多く訪問）な可能性あり",
    "advantage": "視聴回数のみを使うよりは頑健な推定",
    "recommendation": "MR活動は制御可能な変数として、意思決定に活用可能"
  }
}