{
  "approach": "損益分岐点コストアプローチ（デジタルコストデータなし）",
  "cost_assumptions": {
    "mr_fte_annual": 1000,
    "mr_per_visit": 2
  },
  "baseline": {
    "mr_fte": 100
  },
  "current_status": {
    "mr_count_per_facility_month": 1.395,
    "digital_count_per_facility_month": 0.2596969696969697,
    "sales_per_facility_month": 251.45848484848486,
    "n_facilities": 200,
    "n_months": 33,
    "mr_cost_annual": 100000
  },
  "marginal_effects": {
    "mr": {
      "coefficient": 1.581975319369436,
      "se": 0.46271415360675316,
      "p": 0.0006326829745479934,
      "sig": "***"
    },
    "digital": {
      "coefficient": 10.609092966127887,
      "se": 2.5809253710835804,
      "p": 3.996321547794501e-05,
      "sig": "***"
    }
  },
  "breakeven_analysis": {
    "mr_cost_efficiency": 0.790987659684718,
    "breakeven_digital_cost": 13.412463312457486,
    "equivalence_ratio_mr_to_digital": 0.14911503975130366,
    "interpretation": "デジタル視聴単価 < 13.412円/視聴 であれば MR より費用対効果が高い。MR活動1回 = デジタル視聴0.1回分の売上インパクト(概算)。"
  },
  "revenue_neutral_costs": {
    "mr_reduction_10pct": {
      "mr_savings_annual": 10000.0,
      "max_digital_cost_for_neutral": 200.3056050247534
    },
    "mr_reduction_20pct": {
      "mr_savings_annual": 20000.0,
      "max_digital_cost_for_neutral": 200.3056050247534
    },
    "mr_reduction_30pct": {
      "mr_savings_annual": 30000.0,
      "max_digital_cost_for_neutral": 200.30560502475336
    },
    "mr_reduction_50pct": {
      "mr_savings_annual": 50000.0,
      "max_digital_cost_for_neutral": 200.3056050247534
    }
  },
  "sensitivity_grid": [
    {
      "mr_reduction_pct": 10.0,
      "mr_fte_new": 90.0,
      "mr_savings_annual": 10000.0,
      "digital_cost_per_view": 0.05,
      "add_views_annual": 200000.0,
      "delta_digital_pm": 83.33333333333333,
      "delta_mr_pm": -0.1395,
      "delta_sales_pm": 883.8703949536051,
      "delta_sales_pct": 351.4975426206744
    },
    {
      "mr_reduction_pct": 10.0,
      "mr_fte_new": 90.0,
      "mr_savings_annual": 10000.0,
      "digital_cost_per_view": 0.1,
      "add_views_annual": 100000.0,
      "delta_digital_pm": 41.666666666666664,
      "delta_mr_pm": -0.1395,
      "delta_sales_pm": 441.82485469827657,
      "delta_sales_pct": 175.70489019867279
    },
    {
      "mr_reduction_pct": 10.0,
      "mr_fte_new": 90.0,
      "mr_savings_annual": 10000.0,
      "digital_cost_per_view": 0.3,
      "add_views_annual": 33333.333333333336,
      "delta_digital_pm": 13.88888888888889,
      "delta_mr_pm": -0.1395,
      "delta_sales_pm": 147.12782786139084,
      "delta_sales_pct": 58.50978858400504
    },
    {
      "mr_reduction_pct": 10.0,
      "mr_fte_new": 90.0,
      "mr_savings_annual": 10000.0,
      "digital_cost_per_view": 0.5,
      "add_views_annual": 20000.0,
      "delta_digital_pm": 8.333333333333334,
      "delta_mr_pm": -0.1395,
      "delta_sales_pm": 88.1884224940137,
      "delta_sales_pct": 35.07076826107149
    },
    {
      "mr_reduction_pct": 10.0,
      "mr_fte_new": 90.0,
      "mr_savings_annual": 10000.0,
      "digital_cost_per_view": 1.0,
      "add_views_annual": 10000.0,
      "delta_digital_pm": 4.166666666666667,
      "delta_mr_pm": -0.1395,
      "delta_sales_pm": 43.98386846848083,
      "delta_sales_pct": 17.491503018871327
    },
    {
      "mr_reduction_pct": 10.0,
      "mr_fte_new": 90.0,
      "mr_savings_annual": 10000.0,
      "digital_cost_per_view": 2.0,
      "add_views_annual": 5000.0,
      "delta_digital_pm": 2.0833333333333335,
      "delta_mr_pm": -0.1395,
      "delta_sales_pm": 21.881591455714396,
      "delta_sales_pct": 8.701870397771245
    },
    {
      "mr_reduction_pct": 10.0,
      "mr_fte_new": 90.0,
      "mr_savings_annual": 10000.0,
      "digital_cost_per_view": 5.0,
      "add_views_annual": 2000.0,
      "delta_digital_pm": 0.8333333333333334,
      "delta_mr_pm": -0.1395,
      "delta_sales_pm": 8.620225248054536,
      "delta_sales_pct": 3.4280908251111963
    },
    {
      "mr_reduction_pct": 10.0,
      "mr_fte_new": 90.0,
      "mr_savings_annual": 10000.0,
      "digital_cost_per_view": 10.0,
      "add_views_annual": 1000.0,
      "delta_digital_pm": 0.4166666666666667,
      "delta_mr_pm": -0.1395,
      "delta_sales_pm": 4.19976984550125,
      "delta_sales_pct": 1.6701643008911797
    },
    {
      "mr_reduction_pct": 20.0,
      "mr_fte_new": 80.0,
      "mr_savings_annual": 20000.0,
      "digital_cost_per_view": 0.05,
      "add_views_annual": 400000.0,
      "delta_digital_pm": 166.66666666666666,
      "delta_mr_pm": -0.279,
      "delta_sales_pm": 1767.7407899072102,
      "delta_sales_pct": 702.9950852413488
    },
    {
      "mr_reduction_pct": 20.0,
      "mr_fte_new": 80.0,
      "mr_savings_annual": 20000.0,
      "digital_cost_per_view": 0.1,
      "add_views_annual": 200000.0,
      "delta_digital_pm": 83.33333333333333,
      "delta_mr_pm": -0.279,
      "delta_sales_pm": 883.6497093965531,
      "delta_sales_pct": 351.40978039734557
    },
    {
      "mr_reduction_pct": 20.0,
      "mr_fte_new": 80.0,
      "mr_savings_annual": 20000.0,
      "digital_cost_per_view": 0.3,
      "add_views_annual": 66666.66666666667,
      "delta_digital_pm": 27.77777777777778,
      "delta_mr_pm": -0.279,
      "delta_sales_pm": 294.2556557227817,
      "delta_sales_pct": 117.01957716801007
    },
    {
      "mr_reduction_pct": 20.0,
      "mr_fte_new": 80.0,
      "mr_savings_annual": 20000.0,
      "digital_cost_per_view": 0.5,
      "add_views_annual": 40000.0,
      "delta_digital_pm": 16.666666666666668,
      "delta_mr_pm": -0.279,
      "delta_sales_pm": 176.3768449880274,
      "delta_sales_pct": 70.14153652214299
    },
    {
      "mr_reduction_pct": 20.0,
      "mr_fte_new": 80.0,
      "mr_savings_annual": 20000.0,
      "digital_cost_per_view": 1.0,
      "add_views_annual": 20000.0,
      "delta_digital_pm": 8.333333333333334,
      "delta_mr_pm": -0.279,
      "delta_sales_pm": 87.96773693696166,
      "delta_sales_pct": 34.983006037742655
    },
    {
      "mr_reduction_pct": 20.0,
      "mr_fte_new": 80.0,
      "mr_savings_annual": 20000.0,
      "digital_cost_per_view": 2.0,
      "add_views_annual": 10000.0,
      "delta_digital_pm": 4.166666666666667,
      "delta_mr_pm": -0.279,
      "delta_sales_pm": 43.76318291142879,
      "delta_sales_pct": 17.40374079554249
    },
    {
      "mr_reduction_pct": 20.0,
      "mr_fte_new": 80.0,
      "mr_savings_annual": 20000.0,
      "digital_cost_per_view": 5.0,
      "add_views_annual": 4000.0,
      "delta_digital_pm": 1.6666666666666667,
      "delta_mr_pm": -0.279,
      "delta_sales_pm": 17.240450496109073,
      "delta_sales_pct": 6.856181650222393
    },
    {
      "mr_reduction_pct": 20.0,
      "mr_fte_new": 80.0,
      "mr_savings_annual": 20000.0,
      "digital_cost_per_view": 10.0,
      "add_views_annual": 2000.0,
      "delta_digital_pm": 0.8333333333333334,
      "delta_mr_pm": -0.279,
      "delta_sales_pm": 8.3995396910025,
      "delta_sales_pct": 3.3403286017823595
    },
    {
      "mr_reduction_pct": 30.0,
      "mr_fte_new": 70.0,
      "mr_savings_annual": 30000.0,
      "digital_cost_per_view": 0.05,
      "add_views_annual": 600000.0,
      "delta_digital_pm": 250.0,
      "delta_mr_pm": -0.4185,
      "delta_sales_pm": 2651.6111848608157,
      "delta_sales_pct": 1054.4926278620233
    },
    {
      "mr_reduction_pct": 30.0,
      "mr_fte_new": 70.0,
      "mr_savings_annual": 30000.0,
      "digital_cost_per_view": 0.1,
      "add_views_annual": 300000.0,
      "delta_digital_pm": 125.0,
      "delta_mr_pm": -0.4185,
      "delta_sales_pm": 1325.47456409483,
      "delta_sales_pct": 527.1146705960184
    },
    {
      "mr_reduction_pct": 30.0,
      "mr_fte_new": 70.0,
      "mr_savings_annual": 30000.0,
      "digital_cost_per_view": 0.3,
      "add_views_annual": 100000.0,
      "delta_digital_pm": 41.666666666666664,
      "delta_mr_pm": -0.4185,
      "delta_sales_pm": 441.3834835841725,