{
  "approach": "損益分岐点コストアプローチ（デジタルコストデータなし）",
  "cost_assumptions": {
    "mr_fte_annual": 1000,
    "mr_per_visit": 2
  },
  "baseline": {
    "mr_fte": 100
  },
  "current_status": {
    "mr_count_per_facility_month": 1.420909090909091,
    "digital_count_per_facility_month": 0.2884848484848485,
    "sales_per_facility_month": 251.59469696969697,
    "n_facilities": 200,
    "n_months": 33,
    "mr_cost_annual": 100000
  },
  "marginal_effects": {
    "mr": {
      "coefficient": 1.9970034582158445,
      "se": 0.5480588550530683,
      "p": 0.00027080695585590675,
      "sig": "***"
    },
    "digital": {
      "coefficient": 9.381534816727015,
      "se": 1.7146664699369658,
      "p": 4.6364743822024934e-08,
      "sig": "***"
    }
  },
  "breakeven_analysis": {
    "mr_cost_efficiency": 0.9985017291079222,
    "breakeven_digital_cost": 9.395611988682916,
    "equivalence_ratio_mr_to_digital": 0.21286532504843908,
    "interpretation": "デジタル視聴単価 < 9.396万円/視聴 であれば MR より費用対効果が高い。MR活動1回 = デジタル視聴0.2回分の売上インパクト(概算)。"
  },
  "revenue_neutral_costs": {
    "mr_reduction_10pct": {
      "mr_savings_annual": 10000.0,
      "max_digital_cost_for_neutral": 137.75822653485827
    },
    "mr_reduction_20pct": {
      "mr_savings_annual": 20000.0,
      "max_digital_cost_for_neutral": 137.75822653485827
    },
    "mr_reduction_30pct": {
      "mr_savings_annual": 30000.0,
      "max_digital_cost_for_neutral": 137.7582265348583
    },
    "mr_reduction_50pct": {
      "mr_savings_annual": 50000.0,
      "max_digital_cost_for_neutral": 137.7582265348583
    }
  },
  "sensitivity_grid": [
    {
      "mr_reduction_pct": 10.0,
      "mr_fte_new": 90.0,
      "mr_savings_annual": 10000.0,
      "digital_cost_per_view": 0.05,
      "add_views_annual": 200000.0,
      "delta_digital_pm": 83.33333333333333,
      "delta_mr_pm": -0.1420909090909091,
      "delta_sales_pm": 781.5108120237489,
      "delta_sales_pct": 310.6229270475749
    },
    {
      "mr_reduction_pct": 10.0,
      "mr_fte_new": 90.0,
      "mr_savings_annual": 10000.0,
      "digital_cost_per_view": 0.1,
      "add_views_annual": 100000.0,
      "delta_digital_pm": 41.666666666666664,
      "delta_mr_pm": -0.1420909090909091,
      "delta_sales_pm": 390.61352799345667,
      "delta_sales_pct": 155.255072025824
    },
    {
      "mr_reduction_pct": 10.0,
      "mr_fte_new": 90.0,
      "mr_savings_annual": 10000.0,
      "digital_cost_per_view": 0.3,
      "add_views_annual": 33333.333333333336,
      "delta_digital_pm": 13.88888888888889,
      "delta_mr_pm": -0.1420909090909091,
      "delta_sales_pm": 130.01533863992853,
      "delta_sales_pct": 51.67650201132342
    },
    {
      "mr_reduction_pct": 10.0,
      "mr_fte_new": 90.0,
      "mr_savings_annual": 10000.0,
      "digital_cost_per_view": 0.5,
      "add_views_annual": 20000.0,
      "delta_digital_pm": 8.333333333333334,
      "delta_mr_pm": -0.1420909090909091,
      "delta_sales_pm": 77.89570076922288,
      "delta_sales_pct": 30.9607880084233
    },
    {
      "mr_reduction_pct": 10.0,
      "mr_fte_new": 90.0,
      "mr_savings_annual": 10000.0,
      "digital_cost_per_view": 1.0,
      "add_views_annual": 10000.0,
      "delta_digital_pm": 4.166666666666667,
      "delta_mr_pm": -0.1420909090909091,
      "delta_sales_pm": 38.80597236619366,
      "delta_sales_pct": 15.424002506248213
    },
    {
      "mr_reduction_pct": 10.0,
      "mr_fte_new": 90.0,
      "mr_savings_annual": 10000.0,
      "digital_cost_per_view": 2.0,
      "add_views_annual": 5000.0,
      "delta_digital_pm": 2.0833333333333335,
      "delta_mr_pm": -0.1420909090909091,
      "delta_sales_pm": 19.261108164679037,
      "delta_sales_pct": 7.655609755160666
    },
    {
      "mr_reduction_pct": 10.0,
      "mr_fte_new": 90.0,
      "mr_savings_annual": 10000.0,
      "digital_cost_per_view": 5.0,
      "add_views_annual": 2000.0,
      "delta_digital_pm": 0.8333333333333334,
      "delta_mr_pm": -0.1420909090909091,
      "delta_sales_pm": 7.534189643770268,
      "delta_sales_pct": 2.9945741045081387
    },
    {
      "mr_reduction_pct": 10.0,
      "mr_fte_new": 90.0,
      "mr_savings_annual": 10000.0,
      "digital_cost_per_view": 10.0,
      "add_views_annual": 1000.0,
      "delta_digital_pm": 0.4166666666666667,
      "delta_mr_pm": -0.1420909090909091,
      "delta_sales_pm": 3.6252168034673447,
      "delta_sales_pct": 1.4408955542906294
    },
    {
      "mr_reduction_pct": 20.0,
      "mr_fte_new": 80.0,
      "mr_savings_annual": 20000.0,
      "digital_cost_per_view": 0.05,
      "add_views_annual": 400000.0,
      "delta_digital_pm": 166.66666666666666,
      "delta_mr_pm": -0.2841818181818182,
      "delta_sales_pm": 1563.0216240474979,
      "delta_sales_pct": 621.2458540951498
    },
    {
      "mr_reduction_pct": 20.0,
      "mr_fte_new": 80.0,
      "mr_savings_annual": 20000.0,
      "digital_cost_per_view": 0.1,
      "add_views_annual": 200000.0,
      "delta_digital_pm": 83.33333333333333,
      "delta_mr_pm": -0.2841818181818182,
      "delta_sales_pm": 781.2270559869133,
      "delta_sales_pct": 310.510144051648
    },
    {
      "mr_reduction_pct": 20.0,
      "mr_fte_new": 80.0,
      "mr_savings_annual": 20000.0,
      "digital_cost_per_view": 0.3,
      "add_views_annual": 66666.66666666667,
      "delta_digital_pm": 27.77777777777778,
      "delta_mr_pm": -0.2841818181818182,
      "delta_sales_pm": 260.03067727985706,
      "delta_sales_pct": 103.35300402264684
    },
    {
      "mr_reduction_pct": 20.0,
      "mr_fte_new": 80.0,
      "mr_savings_annual": 20000.0,
      "digital_cost_per_view": 0.5,
      "add_views_annual": 40000.0,
      "delta_digital_pm": 16.666666666666668,
      "delta_mr_pm": -0.2841818181818182,
      "delta_sales_pm": 155.79140153844577,
      "delta_sales_pct": 61.9215760168466
    },
    {
      "mr_reduction_pct": 20.0,
      "mr_fte_new": 80.0,
      "mr_savings_annual": 20000.0,
      "digital_cost_per_view": 1.0,
      "add_views_annual": 20000.0,
      "delta_digital_pm": 8.333333333333334,
      "delta_mr_pm": -0.2841818181818182,
      "delta_sales_pm": 77.61194473238731,
      "delta_sales_pct": 30.848005012496426
    },
    {
      "mr_reduction_pct": 20.0,
      "mr_fte_new": 80.0,
      "mr_savings_annual": 20000.0,
      "digital_cost_per_view": 2.0,
      "add_views_annual": 10000.0,
      "delta_digital_pm": 4.166666666666667,
      "delta_mr_pm": -0.2841818181818182,
      "delta_sales_pm": 38.52221632935807,
      "delta_sales_pct": 15.311219510321331
    },
    {
      "mr_reduction_pct": 20.0,
      "mr_fte_new": 80.0,
      "mr_savings_annual": 20000.0,
      "digital_cost_per_view": 5.0,
      "add_views_annual": 4000.0,
      "delta_digital_pm": 1.6666666666666667,
      "delta_mr_pm": -0.2841818181818182,
      "delta_sales_pm": 15.068379287540536,
      "delta_sales_pct": 5.989148209016277
    },
    {
      "mr_reduction_pct": 20.0,
      "mr_fte_new": 80.0,
      "mr_savings_annual": 20000.0,
      "digital_cost_per_view": 10.0,
      "add_views_annual": 2000.0,
      "delta_digital_pm": 0.8333333333333334,
      "delta_mr_pm": -0.2841818181818182,
      "delta_sales_pm": 7.250433606934689,
      "delta_sales_pct": 2.881791108581259
    },
    {
      "mr_reduction_pct": 30.0,
      "mr_fte_new": 70.0,
      "mr_savings_annual": 30000.0,
      "digital_cost_per_view": 0.05,
      "add_views_annual": 600000.0,
      "delta_digital_pm": 250.0,
      "delta_mr_pm": -0.42627272727272725,
      "delta_sales_pm": 2344.532436071247,
      "delta_sales_pct": 931.8687811427247
    },
    {
      "mr_reduction_pct": 30.0,
      "mr_fte_new": 70.0,
      "mr_savings_annual": 30000.0,
      "digital_cost_per_view": 0.1,
      "add_views_annual": 300000.0,
      "delta_digital_pm": 125.0,
      "delta_mr_pm": -0.42627272727272725,
      "delta_sales_pm": 1171.8405839803702,
      "delta_sales_pct": 465.76521607747213
    },
    {
      "mr_reduction_pct": 30.0,