{
  "marginal_effects": {
    "view_1st": {
      "coefficient": -1.434060247201513,
      "se": 3.609419087226793,
      "p": 0.6911532925078689,
      "sig": "n.s."
    },
    "view_2nd": {
      "coefficient": -2.678364518624317,
      "se": 4.513403724188495,
      "p": 0.552920522568819,
      "sig": "n.s."
    },
    "view_3rd": {
      "coefficient": 6.25388638511493,
      "se": 4.716738961242063,
      "p": 0.18492839509770964,
      "sig": "n.s."
    },
    "view_4th": {
      "coefficient": 9.489290447314183,
      "se": 4.083051279672527,
      "p": 0.02015666336497901,
      "sig": "*"
    },
    "view_5plus": {
      "coefficient": 47.6603950710985,
      "se": 7.1668098669208105,
      "p": 3.1997737792721637e-11,
      "sig": "***"
    }
  },
  "continuation_rates": {
    "0": 0.04495335029686175,
    "1": 0.34177215189873417,
    "2": 0.4383561643835616,
    "3": 0.30526315789473685,
    "4": 0.44370860927152317,
    "5": 0.39823008849557523,
    "6": 0.51,
    "7": 0.3925233644859813,
    "8": 0.36,
    "9": 0.44594594594594594,
    "10": 0.4727272727272727
  },
  "initial_viewing_rate": 0.029053680132816822,
  "expected_effects": {
    "1st": -0.04166472771338098,
    "2nd": -1.0447340011523152,
    "3rd": 2.391490022034045,
    "4th": 4.139601580057387,
    "5plus": 23.89685016581055
  },
  "expected_roi": {
    "1st": -0.08332945542676196,
    "2nd": -2.0894680023046304,
    "3rd": 4.78298004406809,
    "4th": 8.279203160114774,
    "5plus": 47.7937003316211
  },
  "optimal_strategy": {
    "message": "既存施設が2ndに該当する累積視聴回数に達したら、新規施設を優先すべき",
    "new_facility_expected": -0.04166472771338098,
    "priority_ranking": [
      [
        "既存5回以上",
        23.89685016581055
      ],
      [
        "既存4回目",
        4.139601580057387
      ],
      [
        "既存3回目",
        2.391490022034045
      ],
      [
        "新規1回目",
        -0.04166472771338098
      ],
      [
        "既存2回目",
        -1.0447340011523152
      ]
    ]
  },
  "cost_assumption": {
    "cost_per_distribution": 0.5
  },
  "analysis_info": {
    "version": "ver2",
    "unit": "facility",
    "n_analysis_facilities": 180,
    "n_treated_facilities": 94,
    "n_control_facilities": 86,
    "n_washout_facilities": 11,
    "filter_single_fac_doctor": false,
    "include_only_rw": false
  },
  "interpretation": {
    "warning": "視聴は施設内医師の自発的行動（内生変数）であり、因果効果ではなく相関関係",
    "recommendation": "配信成功率を考慮すると、既存施設への配信効率が高い傾向。ただし新規施設獲得も重要"
  }
}