{
  "marginal_effects": {
    "view_1st": {
      "coefficient": 4.323967422677432,
      "se": 3.371023558411214,
      "p": 0.19969977678263406,
      "sig": "n.s."
    },
    "view_2nd": {
      "coefficient": 10.636606608979195,
      "se": 4.331588661343196,
      "p": 0.01412103330333725,
      "sig": "*"
    },
    "view_3rd": {
      "coefficient": 11.789333451178264,
      "se": 3.9531345253095465,
      "p": 0.0028839146123822434,
      "sig": "**"
    },
    "view_4th": {
      "coefficient": 17.218936703777118,
      "se": 4.43265882449489,
      "p": 0.0001047029128362631,
      "sig": "***"
    },
    "view_5plus": {
      "coefficient": 34.680799868117624,
      "se": 5.933648628217951,
      "p": 5.611538789196402e-09,
      "sig": "***"
    }
  },
  "continuation_rates": {
    "0": 0.05155807365439093,
    "1": 0.2919254658385093,
    "2": 0.41836734693877553,
    "3": 0.2642857142857143,
    "4": 0.5416666666666666,
    "5": 0.6170212765957447,
    "6": 0.36538461538461536,
    "7": 0.6333333333333333,
    "8": 0.7142857142857143,
    "9": 0.5128205128205128,
    "10": 0.6041666666666666
  },
  "initial_viewing_rate": 0.019570707070707072,
  "expected_effects": {
    "1st": 0.08462309981250025,
    "2nd": 3.777552613348645,
    "3rd": 5.591970313692533,
    "4th": 9.74588663782374,
    "5plus": 17.52606156892844
  },
  "expected_roi": {
    "1st": 0.1692461996250005,
    "2nd": 7.55510522669729,
    "3rd": 11.183940627385066,
    "4th": 19.49177327564748,
    "5plus": 35.05212313785688
  },
  "optimal_strategy": {
    "message": "全ての視聴回数で既存医師の期待効果が高い（常に既存医師優先）",
    "new_doctor_expected": 0.08462309981250025,
    "priority_ranking": [
      [
        "既存5回以上",
        17.52606156892844
      ],
      [
        "既存4回目",
        9.74588663782374
      ],
      [
        "既存3回目",
        5.591970313692533
      ],
      [
        "既存2回目",
        3.777552613348645
      ],
      [
        "新規1回目",
        0.08462309981250025
      ]
    ]
  },
  "cost_assumption": {
    "cost_per_distribution": 0.5
  },
  "interpretation": {
    "warning": "視聴は医師の自発的行動（内生変数）であり、因果効果ではなく相関関係",
    "recommendation": "配信成功率を考慮すると、既存医師への配信効率が高い傾向。ただし新規医師獲得も重要"
  }
}