{
  "marginal_effects": {
    "view_1st": {
      "coefficient": 2.1819642038246125,
      "se": 2.6729603325477718,
      "p": 0.4143862620822003,
      "sig": "n.s."
    },
    "view_2nd": {
      "coefficient": 9.680077982617597,
      "se": 3.3587875724499723,
      "p": 0.003978865757092276,
      "sig": "**"
    },
    "view_3rd": {
      "coefficient": 7.362711113831577,
      "se": 2.5804378557709433,
      "p": 0.004356050416283397,
      "sig": "**"
    },
    "view_4th": {
      "coefficient": 14.2274197858196,
      "se": 2.6241207409271343,
      "p": 6.358293824781924e-08,
      "sig": "***"
    },
    "view_5plus": {
      "coefficient": 30.374832236995477,
      "se": 3.028656491892006,
      "p": 0.0,
      "sig": "***"
    }
  },
  "continuation_rates": {
    "0": 0.04090909090909091,
    "1": 0.3464566929133858,
    "2": 0.4225352112676056,
    "3": 0.24390243902439024,
    "4": 0.5945945945945946,
    "5": 0.5272727272727272,
    "6": 0.3333333333333333,
    "7": 0.6428571428571429,
    "8": 0.76,
    "9": 0.7586206896551724,
    "10": 0.6842105263157895
  },
  "initial_viewing_rate": 0.02567901234567901,
  "expected_effects": {
    "1st": 0.0560306857278419,
    "2nd": 3.721950800236798,
    "3rd": 3.351922732484168,
    "4th": 9.04585522452147,
    "5plus": 14.140544303609586
  },
  "expected_roi": {
    "1st": 0.1120613714556838,
    "2nd": 7.443901600473596,
    "3rd": 6.703845464968336,
    "4th": 18.09171044904294,
    "5plus": 28.28108860721917
  },
  "optimal_strategy": {
    "message": "全ての視聴回数で既存医師の期待効果が高い（常に既存医師優先）",
    "new_doctor_expected": 0.0560306857278419,
    "priority_ranking": [
      [
        "既存5回以上",
        14.140544303609586
      ],
      [
        "既存4回目",
        9.04585522452147
      ],
      [
        "既存2回目",
        3.721950800236798
      ],
      [
        "既存3回目",
        3.351922732484168
      ],
      [
        "新規1回目",
        0.0560306857278419
      ]
    ]
  },
  "cost_assumption": {
    "cost_per_distribution": 0.5
  },
  "interpretation": {
    "warning": "視聴は医師の自発的行動（内生変数）であり、因果効果ではなく相関関係",
    "recommendation": "配信成功率を考慮すると、既存医師への配信効率が高い傾向。ただし新規医師獲得も重要"
  }
}