{
  "marginal_effects": {
    "view_1st": {
      "coefficient": -2.954542700119718,
      "se": 3.4901486496461303,
      "p": 0.3972880042594338,
      "sig": "n.s."
    },
    "view_2nd": {
      "coefficient": 4.55675505285285,
      "se": 3.570078160399043,
      "p": 0.20187483597196887,
      "sig": "n.s."
    },
    "view_3rd": {
      "coefficient": 3.6072485286376605,
      "se": 3.608859889701384,
      "p": 0.31756866134838546,
      "sig": "n.s."
    },
    "view_4th": {
      "coefficient": 14.043324731715433,
      "se": 3.3905041844704185,
      "p": 3.492853242326177e-05,
      "sig": "***"
    },
    "view_5plus": {
      "coefficient": 43.22507655813961,
      "se": 6.9942800239119025,
      "p": 6.847327149728244e-10,
      "sig": "***"
    }
  },
  "continuation_rates": {
    "0": 0.04812374677742767,
    "1": 0.3048327137546468,
    "2": 0.4489795918367347,
    "3": 0.2935323383084577,
    "4": 0.5913978494623656,
    "5": 0.5408163265306123,
    "6": 0.5060240963855421,
    "7": 0.6461538461538462,
    "8": 0.7076923076923077,
    "9": 0.5232558139534884,
    "10": 0.5714285714285714
  },
  "initial_viewing_rate": 0.030014025245441795,
  "expected_effects": {
    "1st": -0.08867771919012898,
    "2nd": 1.7174690162030921,
    "3rd": 1.714340671974709,
    "4th": 8.29835403710383,
    "5plus": 25.987105675061226
  },
  "expected_roi": {
    "1st": -0.17735543838025797,
    "2nd": 3.4349380324061842,
    "3rd": 3.428681343949418,
    "4th": 16.59670807420766,
    "5plus": 51.97421135012245
  },
  "optimal_strategy": {
    "message": "全ての視聴回数で既存施設の期待効果が高い（常に既存施設優先）",
    "new_facility_expected": -0.08867771919012898,
    "priority_ranking": [
      [
        "既存5回以上",
        25.987105675061226
      ],
      [
        "既存4回目",
        8.29835403710383
      ],
      [
        "既存2回目",
        1.7174690162030921
      ],
      [
        "既存3回目",
        1.714340671974709
      ],
      [
        "新規1回目",
        -0.08867771919012898
      ]
    ]
  },
  "cost_assumption": {
    "cost_per_distribution": 0.5
  },
  "analysis_info": {
    "version": "ver2",
    "unit": "facility",
    "n_analysis_facilities": 181,
    "n_treated_facilities": 100,
    "n_control_facilities": 81,
    "n_washout_facilities": 10,
    "filter_single_fac_doctor": false,
    "include_only_rw": false
  },
  "interpretation": {
    "warning": "視聴は施設内医師の自発的行動（内生変数）であり、因果効果ではなく相関関係",
    "recommendation": "配信成功率を考慮すると、既存施設への配信効率が高い傾向。ただし新規施設獲得も重要"
  }
}