{
  "marginal_effects": {
    "view_1st": {
      "coefficient": 2.1819642038246574,
      "se": 2.6729603325477718,
      "p": 0.41438626208219076,
      "sig": "n.s."
    },
    "view_2nd": {
      "coefficient": 9.680077982617611,
      "se": 3.3587875724499696,
      "p": 0.003978865757092276,
      "sig": "**"
    },
    "view_3rd": {
      "coefficient": 7.362711113831571,
      "se": 2.580437855770945,
      "p": 0.004356050416283619,
      "sig": "**"
    },
    "view_4th": {
      "coefficient": 14.227419785819569,
      "se": 2.624120740927132,
      "p": 6.358293824781924e-08,
      "sig": "***"
    },
    "view_5plus": {
      "coefficient": 30.374832236995484,
      "se": 3.028656491892006,
      "p": 0.0,
      "sig": "***"
    }
  },
  "continuation_rates": {
    "0": 0.04090909090909091,
    "1": 0.3464566929133858,
    "2": 0.4225352112676056,
    "3": 0.24390243902439024,
    "4": 0.5945945945945946,
    "5": 0.5272727272727272,
    "6": 0.3333333333333333,
    "7": 0.6428571428571429,
    "8": 0.76,
    "9": 0.7586206896551724,
    "10": 0.6842105263157895
  },
  "initial_viewing_rate": 0.02567901234567901,
  "expected_effects": {
    "1st": 0.05603068572784305,
    "2nd": 3.721950800236803,
    "3rd": 3.3519227324841654,
    "4th": 9.04585522452145,
    "5plus": 14.14054430360959
  },
  "expected_roi": {
    "1st": 0.1120613714556861,
    "2nd": 7.443901600473606,
    "3rd": 6.703845464968331,
    "4th": 18.0917104490429,
    "5plus": 28.28108860721918
  },
  "optimal_strategy": {
    "message": "全ての視聴回数で既存医師の期待効果が高い（常に既存医師優先）",
    "new_doctor_expected": 0.05603068572784305,
    "priority_ranking": [
      [
        "既存5回以上",
        14.14054430360959
      ],
      [
        "既存4回目",
        9.04585522452145
      ],
      [
        "既存2回目",
        3.721950800236803
      ],
      [
        "既存3回目",
        3.3519227324841654
      ],
      [
        "新規1回目",
        0.05603068572784305
      ]
    ]
  },
  "cost_assumption": {
    "cost_per_distribution": 0.5
  },
  "interpretation": {
    "warning": "視聴は医師の自発的行動（内生変数）であり、因果効果ではなく相関関係",
    "recommendation": "配信成功率を考慮すると、既存医師への配信効率が高い傾向。ただし新規医師獲得も重要"
  }
}