{
  "marginal_effects": {
    "view_1": {
      "coefficient": -0.5129123644813748,
      "se": 3.5195410730849765,
      "p": 0.8841375148833417,
      "sig": "n.s."
    },
    "view_2": {
      "coefficient": -0.7656717451653611,
      "se": 4.6941561862748395,
      "p": 0.870436264577263,
      "sig": "n.s."
    },
    "view_3": {
      "coefficient": -3.4605741613210204,
      "se": 6.226744361029454,
      "p": 0.5783968336444709,
      "sig": "n.s."
    },
    "view_4": {
      "coefficient": 6.726307940869597,
      "se": 4.895090503975446,
      "p": 0.16946681264718522,
      "sig": "n.s."
    },
    "view_5": {
      "coefficient": 2.0963548848698905,
      "se": 6.14841831112033,
      "p": 0.7331474330749583,
      "sig": "n.s."
    },
    "view_6": {
      "coefficient": 10.214768577087858,
      "se": 6.875262962422546,
      "p": 0.13740633059929808,
      "sig": "n.s."
    },
    "view_7": {
      "coefficient": 2.4540135954493505,
      "se": 5.200245858280925,
      "p": 0.6370137751054359,
      "sig": "n.s."
    },
    "view_8": {
      "coefficient": 12.434974447241675,
      "se": 4.297445175154379,
      "p": 0.003823254242824037,
      "sig": "**"
    },
    "view_9": {
      "coefficient": 17.09680922894136,
      "se": 6.790807822077919,
      "p": 0.011841524960755523,
      "sig": "*"
    },
    "view_10_14": {
      "coefficient": 16.898663281068732,
      "se": 4.5402637069076235,
      "p": 0.0001995853703662398,
      "sig": "***"
    },
    "view_15_19": {
      "coefficient": 26.03200494563532,
      "se": 6.300207985649537,
      "p": 3.648742647310854e-05,
      "sig": "***"
    },
    "view_20_24": {
      "coefficient": 38.04268551716013,
      "se": 6.39021852681003,
      "p": 2.7847590899909846e-09,
      "sig": "***"
    },
    "view_25_29": {
      "coefficient": 52.3903350502593,
      "se": 7.120914263383445,
      "p": 2.142730437526552e-13,
      "sig": "***"
    },
    "view_30plus": {
      "coefficient": 103.1561554337228,
      "se": 18.43895529513571,
      "p": 2.31576848808146e-08,
      "sig": "***"
    }
  },
  "continuation_rates": {
    "0": 0.04495335029686175,
    "1": 0.34177215189873417,
    "2": 0.4383561643835616,
    "3": 0.30526315789473685,
    "4": 0.44370860927152317,
    "5": 0.39823008849557523,
    "6": 0.51,
    "7": 0.3925233644859813,
    "8": 0.36,
    "9": 0.44594594594594594,
    "10": 0.4727272727272727,
    "11": 0.34210526315789475,
    "12": 0.7916666666666666,
    "13": 0.559322033898305,
    "14": 0.3125,
    "15": 0.7058823529411765,
    "16": 0.4482758620689655,
    "17": 0.6829268292682927,
    "18": 0.3333333333333333,
    "19": 0.8214285714285714,
    "20": 0.7931034482758621,
    "21": 0.4583333333333333,
    "22": 0.5625,
    "23": 0.6571428571428571,
    "24": 0.4583333333333333,
    "25": 0.6875,
    "26": 0.5,
    "27": 0.5882352941176471,
    "28": 0.34375,
    "29": 0.7142857142857143,
    "30": 0.8,
    "31": 0.9230769230769231,
    "32": 0.75,
    "33": 0.7777777777777778,
    "34": 0.8333333333333334,
    "35": 0.5384615384615384,
    "36": 1.0,
    "37": 0.6666666666666666,
    "38": 0.6666666666666666,
    "39": 0.8
  },
  "initial_viewing_rate": 0.029053680132816822,
  "expected_effects": {
    "view_1": -0.01490199177380862,
    "view_2": -0.26168527999322466,
    "view_3": -1.5169640159215432,
    "view_4": 2.053294003002298,
    "view_5": 0.9301707105051832,
    "view_6": 4.067828194415519,
    "view_7": 1.2515469336791687,
    "view_8": 4.881018007328508,
    "view_9": 6.15485132241889,
    "view_10_14": 8.827074836771411,
    "view_15_19": 12.927068697119676,
    "view_20_24": 25.051170880513848,
    "view_25_29": 27.01055631819128,
    "view_30plus": 82.49868397369941
  },
  "expected_roi": {
    "view_1": -0.02980398354761724,
    "view_2": -0.5233705599864493,
    "view_3": -3.0339280318430863,
    "view_4": 4.106588006004596,
    "view_5": 1.8603414210103664,
    "view_6": 8.135656388831038,
    "view_7": 2.5030938673583374,
    "view_8": 9.762036014657015,
    "view_9": 12.30970264483778,
    "view_10_14": 17.654149673542822,
    "view_15_19": 25.854137394239352,
    "view_20_24": 50.102341761027695,
    "view_25_29": 54.02111263638256,
    "view_30plus": 164.99736794739883
  },
  "optimal_strategy": {
    "message": "既存施設が2回目相当（累積1回以上）に達したら新規施設を優先すべき",
    "new_facility_expected": -0.01490199177380862,
    "priority_ranking": [
      [
        "既存30回以上",
        82.49868397369941
      ],
      [
        "既存25〜29回",
        27.01055631819128
      ],
      [
        "既存20〜24回",
        25.051170880513848
      ],
      [
        "既存15〜19回",
        12.927068697119676
      ],
      [
        "既存10〜14回",
        8.827074836771411
      ],
      [
        "既存9回目",
        6.15485132241889
      ],
      [
        "既存8回目",
        4.881018007328508
      ],
      [
        "既存6回目",
        4.067828194415519
      ],
      [
        "既存4回目",
        2.053294003002298
      ],
      [
        "既存7回目",
        1.2515469336791687
      ],
      [
        "既存5回目",
        0.9301707105051832
      ],
      [
        "新規1回目",
        -0.01490199177380862
      ],
      [
        "既存2回目",
        -0.26168527999322466
      ],
      [
        "既存3回目",
        -1.5169640159215432
      ]
    ]
  },
  "view_bins": [
    {
      "var": "view_1",
      "cumul_lo": 0,
      "cumul_hi": 0,
      "label": "1回目"
    },
    {
      "var": "view_2",
      "cumul_lo": 1,
      "cumul_hi": 1,
      "label": "2回目"
    },
    {
      "var": "view_3",
      "cumul_lo": 2,
      "cumul_hi": 2,
      "label": "3回目"
    },
    {
      "var": "view_4",
      "cumul_lo": 3,
      "cumul_hi": 3,
      "label": "4回目"
    },
    {
      "var": "view_5",
      "cumul_lo": 4,
      "cumul_hi": 4,
      "label": "5回目"
    },
    {
      "var": "view_6",
      "cumul_lo": 5,
      "cumul_hi": 5,
      "label": "6回目"
    },
    {
      "var": "view_7",
      "cumul_lo": 6,
      "cumul_hi": 6,
      "label": "7回目"
    },
    {
      "var": "view_8",
      "cumul_lo": 7,
      "cumul_hi": 7,
      "label": "8回目"
    },
    {
      "var": "view_9",
      "cumul_lo": 8,
      "cumul_hi": 8,
      "label": "9回目"
    },
    {
      "var": "view_10_14",
      "cumul_lo": 9,
      "cumul_hi": 13,
      "label": "10〜14回"
    },
    {
      "var": "view_15_19",
      "cumul_lo": 14,
      "cumul_hi": 18,
      "label": "15〜19回"
    },
    {
      "var": "view_20_24",
      "cumul_lo": 19,
      "cumul_hi": 23,
      "label": "20〜24回"
    },
    {
      "var": "view_25_29",
      "cumul_lo": 24,
      "cumul_hi": 28,
      "label": "25〜29回"
    },
    {
      "var": "view_30plus",
      "cumul_lo": 29,
      "cumul_hi": null,
      "label": "30回以上"
    }
  ],
  "cost_assumption": {
    "cost_per_distribution": 0.5
  },
  "analysis_info": {
    "version": "ver2",
    "unit": "facility",
    "n_analysis_facilities": 180,
    "n_treated_facilities": 94,
    "n_control_facilities": 86,
    "n_washout_facilities": 11,
    "filter_single_fac_doctor": false,
    "include_only_rw": false
  },
  "interpretation": {
    "warning": "視聴は施設内医師の自発的行動（内生変数）であり、因果効果ではなく相関関係",
    "recommendation": "配信成功率を考慮すると、既存施設への配信効率が高い傾向。ただし新規施設獲得も重要"
  },
  "channel_marginal_effects": {
    "webiner": {
      "view_1": {
        "coefficient": 0.07657091684416112,
        "se": 5.207612996340299,
        "p": 0.9882691210366203,
        "sig": "n.s."
      },
      "view_2": {
        "coefficient": -4.320739622697716,
        "se": 6.4307489870391015,
        "p": 0.5016825060898582,
        "sig": "n.s."
      },
      "view_3": {
        "coefficient": 4.400664713170147,
        "se": 4.960754410155238,
        "p": 0.3750646267731419,
        "sig": "n.s."
      },
      "view_4": {
        "coefficient": 5.869856464376787,
        "se": 7.904369658096614,
        "p": 0.4577489326870541,
        "sig": "n.s."
      },
      "view_5": {
        "coefficient": -0.9167102733149789,