{
  "marginal_effects": {
    "view_1st": {
      "coefficient": 1.6191472298728458,
      "se": 2.860793946385829,
      "p": 0.5714688179750054,
      "sig": "n.s."
    },
    "view_2nd": {
      "coefficient": 11.366485956877924,
      "se": 3.689876544586371,
      "p": 0.002093572754588102,
      "sig": "**"
    },
    "view_3rd": {
      "coefficient": 8.498893092900486,
      "se": 3.088510078968067,
      "p": 0.005978030370179965,
      "sig": "**"
    },
    "view_4th": {
      "coefficient": 15.737779202780919,
      "se": 2.696851948017813,
      "p": 6.189808887668846e-09,
      "sig": "***"
    },
    "view_5plus": {
      "coefficient": 30.581359013733344,
      "se": 2.849134391836563,
      "p": 0.0,
      "sig": "***"
    }
  },
  "continuation_rates": {
    "0": 0.057480980557903634,
    "1": 0.31092436974789917,
    "2": 0.4090909090909091,
    "3": 0.22608695652173913,
    "4": 0.5806451612903226,
    "5": 0.6216216216216216,
    "6": 0.29545454545454547,
    "7": 0.6190476190476191,
    "8": 0.7777777777777778,
    "9": 0.6956521739130435,
    "10": 0.7142857142857143
  },
  "initial_viewing_rate": 0.03734439834024896,
  "expected_effects": {
    "1st": 0.0604660791238822,
    "2nd": 4.092021777829428,
    "3rd": 4.046475243430504,
    "4th": 9.764403851000766,
    "5plus": 12.824758376253444
  },
  "expected_roi": {
    "1st": 0.1209321582477644,
    "2nd": 8.184043555658857,
    "3rd": 8.092950486861008,
    "4th": 19.528807702001533,
    "5plus": 25.649516752506887
  },
  "optimal_strategy": {
    "message": "全ての視聴回数で既存医師の期待効果が高い（常に既存医師優先）",
    "new_doctor_expected": 0.0604660791238822,
    "priority_ranking": [
      [
        "既存5回以上",
        12.824758376253444
      ],
      [
        "既存4回目",
        9.764403851000766
      ],
      [
        "既存2回目",
        4.092021777829428
      ],
      [
        "既存3回目",
        4.046475243430504
      ],
      [
        "新規1回目",
        0.0604660791238822
      ]
    ]
  },
  "cost_assumption": {
    "cost_per_distribution": 0.5
  },
  "interpretation": {
    "warning": "視聴は医師の自発的行動（内生変数）であり、因果効果ではなく相関関係",
    "recommendation": "配信成功率を考慮すると、既存医師への配信効率が高い傾向。ただし新規医師獲得も重要"
  }
}